,Prob_Fraud,Prob_Fraud,Prob_Fraud,Tier
,max,mean,all,
ClaimID,,,,
CLM_1000,0.0050640954,0.004523641,True,Fully Accepted
CLM_1001,0.3523263,0.19631894,True,Partially Rejected
CLM_1002,0.39676183,0.1394814,True,Partially Rejected
CLM_1003,0.028646208,0.010368149,True,Fully Accepted
CLM_1004,0.041645225,0.030282976,True,Fully Accepted
CLM_1005,0.17697768,0.04886901,True,Fully Accepted
CLM_1006,0.06587684,0.026447102,True,Fully Accepted
CLM_1007,0.04377287,0.0147052305,True,Fully Accepted
CLM_1008,0.4560001,0.23045573,True,Partially Rejected
CLM_1009,0.01830674,0.017420676,True,Fully Accepted
CLM_1010,0.35601953,0.09745507,True,Partially Rejected
CLM_1011,0.039607663,0.030257918,True,Fully Accepted
CLM_1012,0.044499364,0.01873892,True,Fully Accepted
CLM_1013,0.008196046,0.008061253,True,Fully Accepted
CLM_1014,0.017531103,0.012233329,True,Fully Accepted
CLM_1015,0.9870407,0.28326964,True,Partially Rejected
CLM_1016,0.2534531,0.12469563,True,Fully Accepted
CLM_1017,0.99135345,0.21481684,True,Partially Rejected
CLM_1018,0.22013396,0.06017419,True,Fully Accepted
CLM_1019,0.04058945,0.015784275,True,Fully Accepted
CLM_1020,0.042551093,0.03218405,True,Fully Accepted
CLM_1021,0.03578736,0.021366222,True,Fully Accepted
CLM_1022,0.21661647,0.06455062,True,Fully Accepted
CLM_1023,0.6118161,0.31751546,True,Partially Rejected
CLM_1024,0.042368595,0.03434448,True,Fully Accepted
CLM_1025,0.10334138,0.057531826,True,Fully Accepted
CLM_1026,0.07709312,0.07709312,True,Fully Accepted
CLM_1027,0.0419195,0.020084202,True,Fully Accepted
CLM_1028,0.4338346,0.1143113,True,Partially Rejected
CLM_1029,0.08735919,0.047802877,True,Fully Accepted
CLM_1030,0.009566332,0.009566332,True,Fully Accepted
CLM_1031,0.059281826,0.059281826,True,Fully Accepted
CLM_1032,0.03292567,0.011557424,True,Fully Accepted
CLM_1033,0.06809671,0.030352326,True,Fully Accepted
CLM_1034,0.032868467,0.03183609,True,Fully Accepted
CLM_1035,0.017645687,0.010292262,True,Fully Accepted
CLM_1036,0.0053612157,0.0038662986,True,Fully Accepted
CLM_1037,0.006454243,0.006454243,True,Fully Accepted
CLM_1038,0.025221039,0.021571718,True,Fully Accepted
CLM_1039,0.21030757,0.05841983,True,Fully Accepted
CLM_1040,0.03410821,0.02340093,True,Fully Accepted
CLM_1041,0.98327094,0.31012607,True,Partially Rejected
CLM_1042,0.060044922,0.026303122,True,Fully Accepted
CLM_1043,0.23416147,0.11045541,True,Fully Accepted
CLM_1044,0.5208054,0.119688116,True,Partially Rejected
CLM_1045,0.012671271,0.012671271,True,Fully Accepted
CLM_1046,0.09477659,0.053125728,True,Fully Accepted
CLM_1047,0.028422792,0.028422792,True,Fully Accepted
CLM_1048,0.40388533,0.2805662,True,Partially Rejected
CLM_1049,0.005801261,0.005801261,True,Fully Accepted
CLM_1050,0.071688175,0.03901407,True,Fully Accepted
CLM_1051,0.021460319,0.021460319,True,Fully Accepted
CLM_1052,0.086005405,0.041962694,True,Fully Accepted
CLM_1053,0.5689881,0.19898485,True,Partially Rejected
CLM_1054,0.011609448,0.0080435835,True,Fully Accepted
CLM_1055,0.017668573,0.009817079,True,Fully Accepted
CLM_1056,0.11598113,0.049282253,True,Fully Accepted
CLM_1057,0.98320884,0.2045896,True,Partially Rejected
CLM_1058,0.022770002,0.014066382,True,Fully Accepted
CLM_1059,0.033170488,0.027713837,True,Fully Accepted
CLM_1060,0.18005313,0.09511133,True,Fully Accepted
CLM_1061,0.07140684,0.07140684,True,Fully Accepted
CLM_1062,0.3281647,0.17691512,True,Partially Rejected
CLM_1063,0.54568225,0.28879708,True,Partially Rejected
CLM_1064,0.45287642,0.108140655,True,Partially Rejected
CLM_1065,0.015475418,0.015475418,True,Fully Accepted
CLM_1066,0.9877714,0.18568935,True,Partially Rejected
CLM_1067,0.006426181,0.006426181,True,Fully Accepted
CLM_1068,0.029463036,0.015274681,True,Fully Accepted
CLM_1069,0.064029016,0.035807166,True,Fully Accepted
CLM_1070,0.035760894,0.019339493,True,Fully Accepted
CLM_1071,0.19177768,0.06742056,True,Fully Accepted
CLM_1072,0.07828092,0.07828092,True,Fully Accepted
CLM_1073,0.02675629,0.009537089,True,Fully Accepted
CLM_1074,0.022793135,0.015176411,True,Fully Accepted
CLM_1075,0.08171378,0.024017124,True,Fully Accepted
CLM_1076,0.034493864,0.028245512,True,Fully Accepted
CLM_1077,0.22220089,0.084562615,True,Fully Accepted
CLM_1078,0.27415028,0.12297736,True,Fully Accepted
CLM_1079,0.07467446,0.0532991,True,Fully Accepted
CLM_1080,0.010729522,0.007200489,True,Fully Accepted
CLM_1081,0.015074929,0.015074929,True,Fully Accepted
CLM_1082,0.4205877,0.12877166,True,Partially Rejected
CLM_1083,0.066276975,0.03081289,True,Fully Accepted
CLM_1084,0.08263865,0.03273518,True,Fully Accepted
CLM_1085,0.0572902,0.026749218,True,Fully Accepted
CLM_1086,0.049675684,0.023896618,True,Fully Accepted
CLM_1087,0.15985668,0.099759534,True,Fully Accepted
CLM_1088,0.29012728,0.29012728,True,Fully Accepted
CLM_1089,0.033170488,0.02798187,True,Fully Accepted
CLM_1090,0.116917014,0.116917014,True,Fully Accepted
CLM_1091,0.21924774,0.12239759,True,Fully Accepted
CLM_1092,0.9862206,0.22971633,True,Partially Rejected
CLM_1093,0.03142758,0.015516081,True,Fully Accepted
CLM_1094,0.039178967,0.039178967,True,Fully Accepted
CLM_1095,0.15803033,0.0898985,True,Fully Accepted
CLM_1096,0.15101133,0.08249184,True,Fully Accepted
CLM_1097,0.9923828,0.26921237,True,Partially Rejected
CLM_1098,0.07700865,0.03331551,True,Fully Accepted
CLM_1099,0.0942684,0.05298171,True,Fully Accepted
CLM_1100,0.06298326,0.034795854,True,Fully Accepted
CLM_1101,0.08558857,0.033240117,True,Fully Accepted
CLM_1102,0.36141738,0.22445576,True,Partially Rejected
CLM_1103,0.07046483,0.07046483,True,Fully Accepted
CLM_1104,0.010167005,0.0069340104,True,Fully Accepted
CLM_1105,0.011087537,0.010492128,True,Fully Accepted
CLM_1106,0.22921355,0.22921355,True,Fully Accepted
CLM_1107,0.055204906,0.040043022,True,Fully Accepted
CLM_1108,0.35126704,0.12562801,True,Partially Rejected
CLM_1109,0.2099894,0.09255506,True,Fully Accepted
CLM_1110,0.43751127,0.17873287,True,Partially Rejected
CLM_1111,0.09806636,0.09806636,True,Fully Accepted
CLM_1112,0.031771146,0.017085034,True,Fully Accepted
CLM_1113,0.451254,0.13110113,True,Partially Rejected
CLM_1114,0.17793864,0.103525974,True,Fully Accepted
CLM_1115,0.05980645,0.03578212,True,Fully Accepted
CLM_1116,0.056195926,0.036895335,True,Fully Accepted
CLM_1117,0.99229175,0.20742872,True,Partially Rejected
CLM_1118,0.29286268,0.108214185,True,Fully Accepted
CLM_1119,0.08773033,0.03698701,True,Fully Accepted
CLM_1120,0.18890494,0.054461878,True,Fully Accepted
CLM_1121,0.04653589,0.03764461,True,Fully Accepted
CLM_1122,0.33863983,0.16029908,True,Partially Rejected
CLM_1123,0.016732924,0.011080262,True,Fully Accepted
CLM_1124,0.057856247,0.030957362,True,Fully Accepted
CLM_1125,0.06047819,0.031640608,True,Fully Accepted
CLM_1126,0.9901093,0.4607394,True,Partially Rejected
CLM_1127,0.033978976,0.02163964,True,Fully Accepted
CLM_1128,0.99254686,0.3630756,True,Partially Rejected
CLM_1129,0.040992532,0.029749367,True,Fully Accepted
CLM_1130,0.010066187,0.0066315765,True,Fully Accepted
CLM_1131,0.06834894,0.05885794,True,Fully Accepted
CLM_1132,0.2041544,0.078346275,True,Fully Accepted
CLM_1133,0.07263557,0.02646234,True,Fully Accepted
CLM_1134,0.06021483,0.037412666,True,Fully Accepted
CLM_1135,0.080170624,0.051471736,True,Fully Accepted
CLM_1136,0.04678086,0.015438889,True,Fully Accepted
CLM_1137,0.070778094,0.021565404,True,Fully Accepted
CLM_1138,0.9682721,0.30083406,True,Partially Rejected
CLM_1139,0.007840492,0.005196118,True,Fully Accepted
CLM_1140,0.07060231,0.021391604,True,Fully Accepted
CLM_1141,0.018083178,0.015259036,True,Fully Accepted
CLM_1142,0.024593446,0.014799306,True,Fully Accepted
CLM_1143,0.019612422,0.011287706,True,Fully Accepted
CLM_1144,0.17475857,0.17475857,True,Fully Accepted
CLM_1145,0.016831527,0.016635578,True,Fully Accepted
CLM_1146,0.9915245,0.2818507,True,Partially Rejected
CLM_1147,0.03424769,0.03424769,True,Fully Accepted
CLM_1148,0.98275214,0.24082735,True,Partially Rejected
CLM_1149,0.02603634,0.01950383,True,Fully Accepted
CLM_1150,0.013871669,0.011988385,True,Fully Accepted
CLM_1151,0.6916425,0.15714823,True,Partially Rejected
CLM_1152,0.24607246,0.11012965,True,Fully Accepted
CLM_1153,0.006292842,0.005140752,True,Fully Accepted
CLM_1154,0.7046001,0.18194082,True,Partially Rejected
CLM_1155,0.11682928,0.07313999,True,Fully Accepted
CLM_1156,0.057502195,0.03398369,True,Fully Accepted
CLM_1157,0.63903964,0.33157533,True,Partially Rejected
CLM_1158,0.0405771,0.027418517,True,Fully Accepted
CLM_1159,0.22839305,0.119632185,True,Fully Accepted
CLM_1160,0.28006762,0.06601278,True,Fully Accepted
CLM_1161,0.0068924734,0.0068924734,True,Fully Accepted
CLM_1162,0.07614813,0.03346335,True,Fully Accepted
CLM_1163,0.9928081,0.22133501,True,Partially Rejected
CLM_1164,0.22462606,0.041864753,True,Fully Accepted
CLM_1165,0.07313819,0.035582315,True,Fully Accepted
CLM_1166,0.051329684,0.037382808,True,Fully Accepted
CLM_1167,0.17270206,0.06694528,True,Fully Accepted
CLM_1168,0.9864727,0.30966896,True,Partially Rejected
CLM_1169,0.21710399,0.06743529,True,Fully Accepted
CLM_1170,0.017656386,0.01168838,True,Fully Accepted
CLM_1171,0.18288188,0.108489685,True,Fully Accepted
CLM_1172,0.013082773,0.013082773,True,Fully Accepted
CLM_1173,0.0897228,0.060553517,True,Fully Accepted
CLM_1174,0.1919674,0.054733735,True,Fully Accepted
CLM_1175,0.2339953,0.14992385,True,Fully Accepted
CLM_1176,0.050198615,0.050198615,True,Fully Accepted
CLM_1177,0.992987,0.23163667,True,Partially Rejected
CLM_1178,0.5934018,0.5934018,True,Partially Rejected
CLM_1179,0.060974322,0.044534232,True,Fully Accepted
CLM_1180,0.050220188,0.031347483,True,Fully Accepted
CLM_1181,0.024904314,0.01752931,True,Fully Accepted
CLM_1182,0.16407114,0.07153606,True,Fully Accepted
CLM_1183,0.98805434,0.24343511,True,Partially Rejected
CLM_1184,0.062336344,0.028861523,True,Fully Accepted
CLM_1185,0.98605114,0.16812992,True,Partially Rejected
CLM_1186,0.013480579,0.009772172,True,Fully Accepted
CLM_1187,0.0362334,0.028864121,True,Fully Accepted
CLM_1188,0.062065527,0.041981455,True,Fully Accepted
CLM_1189,0.006563357,0.004321251,True,Fully Accepted
CLM_1190,0.027831614,0.023070231,True,Fully Accepted
CLM_1191,0.012070014,0.012070014,True,Fully Accepted
CLM_1192,0.017013708,0.013246549,True,Fully Accepted
CLM_1193,0.98667127,0.4153889,True,Partially Rejected
CLM_1194,0.99170375,0.2565816,True,Partially Rejected
CLM_1195,0.01473996,0.01473996,True,Fully Accepted
CLM_1196,0.25593698,0.09682784,True,Fully Accepted
CLM_1197,0.08652018,0.02546826,True,Fully Accepted
CLM_1198,0.26744625,0.11810986,True,Fully Accepted
CLM_1199,0.04706203,0.04706203,True,Fully Accepted
CLM_1200,0.52922493,0.52922493,True,Partially Rejected
CLM_1201,0.06121495,0.033945262,True,Fully Accepted
CLM_1202,0.22860928,0.08510944,True,Fully Accepted
CLM_1203,0.1206937,0.1206937,True,Fully Accepted
CLM_1204,0.11542424,0.029362643,True,Fully Accepted
CLM_1205,0.10874207,0.051315613,True,Fully Accepted
CLM_1206,0.9764481,0.33265677,True,Partially Rejected
CLM_1207,0.05358356,0.01943582,True,Fully Accepted
CLM_1208,0.01521359,0.012409427,True,Fully Accepted
CLM_1209,0.9863934,0.2122503,True,Partially Rejected
CLM_1210,0.0414309,0.022615222,True,Fully Accepted
CLM_1211,0.01663336,0.008272933,True,Fully Accepted
CLM_1212,0.9907188,0.21948871,True,Partially Rejected
CLM_1213,0.9860444,0.50365007,True,Partially Rejected
CLM_1214,0.018373571,0.018373571,True,Fully Accepted
CLM_1215,0.011860014,0.006712783,True,Fully Accepted
CLM_1216,0.04264211,0.026430497,True,Fully Accepted
CLM_1217,0.07727342,0.036725942,True,Fully Accepted
CLM_1218,0.2925865,0.07704775,True,Fully Accepted
CLM_1219,0.078109354,0.039519,True,Fully Accepted
CLM_1220,0.6375634,0.16460884,True,Partially Rejected
CLM_1221,0.14189315,0.04527297,True,Fully Accepted
CLM_1222,0.035680536,0.015819026,True,Fully Accepted
CLM_1223,0.38792744,0.23245287,True,Partially Rejected
CLM_1224,0.5566813,0.20207714,True,Partially Rejected
CLM_1225,0.026638025,0.016275281,True,Fully Accepted
CLM_1226,0.036285546,0.025501821,True,Fully Accepted
CLM_1227,0.018997252,0.010163351,True,Fully Accepted
CLM_1228,0.017996492,0.017996492,True,Fully Accepted
CLM_1229,0.1502207,0.07429231,True,Fully Accepted
CLM_1230,0.622663,0.16772518,True,Partially Rejected
CLM_1231,0.14756806,0.11964282,True,Fully Accepted
CLM_1232,0.029487198,0.01370709,True,Fully Accepted
CLM_1233,0.9877516,0.21871619,True,Partially Rejected
CLM_1234,0.16659805,0.087145165,True,Fully Accepted
CLM_1235,0.9800055,0.2507593,True,Partially Rejected
CLM_1236,0.03038276,0.021184137,True,Fully Accepted
CLM_1237,0.048377544,0.02637868,True,Fully Accepted
CLM_1238,0.0717818,0.0717818,True,Fully Accepted
CLM_1239,0.02495969,0.01648189,True,Fully Accepted
CLM_1240,0.3738674,0.09712744,True,Partially Rejected
CLM_1241,0.21406794,0.0873977,True,Fully Accepted
CLM_1242,0.055015452,0.03370954,True,Fully Accepted
CLM_1243,0.007854555,0.007008654,True,Fully Accepted
CLM_1244,0.05859104,0.033576418,True,Fully Accepted
CLM_1245,0.9792727,0.20501857,True,Partially Rejected
CLM_1246,0.37329608,0.1332386,True,Partially Rejected
CLM_1247,0.21136536,0.09884435,True,Fully Accepted
CLM_1248,0.08766466,0.046348285,True,Fully Accepted
CLM_1249,0.07023161,0.042140067,True,Fully Accepted
CLM_1250,0.012087715,0.008539159,True,Fully Accepted
CLM_1251,0.0813598,0.0813598,True,Fully Accepted
CLM_1252,0.3454817,0.17585213,True,Partially Rejected
CLM_1253,0.06953203,0.06953203,True,Fully Accepted
CLM_1254,0.9944614,0.21335888,True,Partially Rejected
CLM_1255,0.046538185,0.046538185,True,Fully Accepted
CLM_1256,0.0070075537,0.0040130755,True,Fully Accepted
CLM_1257,0.010773758,0.010773758,True,Fully Accepted
CLM_1258,0.062147986,0.018659001,True,Fully Accepted
CLM_1259,0.22651598,0.087114826,True,Fully Accepted
CLM_1260,0.010773758,0.010773758,True,Fully Accepted
CLM_1261,0.0069781803,0.0060897293,True,Fully Accepted
CLM_1262,0.013210993,0.013210993,True,Fully Accepted
CLM_1263,0.030332603,0.016236572,True,Fully Accepted
CLM_1264,0.08656044,0.071197815,True,Fully Accepted
CLM_1265,0.008938812,0.008938812,True,Fully Accepted
CLM_1266,0.036497,0.02121959,True,Fully Accepted
CLM_1267,0.031477712,0.016719297,True,Fully Accepted
CLM_1268,0.98825246,0.33777347,True,Partially Rejected
CLM_1269,0.18149559,0.053557407,True,Fully Accepted
CLM_1270,0.4614473,0.4614473,True,Partially Rejected
CLM_1271,0.055690505,0.015273297,True,Fully Accepted
CLM_1272,0.19551088,0.19551088,True,Fully Accepted
CLM_1273,0.06548364,0.021491114,True,Fully Accepted
CLM_1274,0.14986652,0.041851945,True,Fully Accepted
CLM_1275,0.08267177,0.047639176,True,Fully Accepted
CLM_1276,0.012752366,0.0098430915,True,Fully Accepted
CLM_1277,0.15423639,0.06461959,True,Fully Accepted
CLM_1278,0.0053667314,0.0053667314,True,Fully Accepted
CLM_1279,0.04754888,0.02828801,True,Fully Accepted
CLM_1280,0.09279892,0.05232248,True,Fully Accepted
CLM_1281,0.9938851,0.37244383,True,Partially Rejected
CLM_1282,0.016834833,0.016834833,True,Fully Accepted
CLM_1283,0.023317998,0.010864934,True,Fully Accepted
CLM_1284,0.02935625,0.012472178,True,Fully Accepted
CLM_1285,0.11046973,0.08599466,True,Fully Accepted
CLM_1286,0.036230337,0.018151978,True,Fully Accepted
CLM_1287,0.0134078665,0.008880419,True,Fully Accepted
CLM_1288,0.26093686,0.08710288,True,Fully Accepted
CLM_1289,0.082538344,0.033647858,True,Fully Accepted
CLM_1290,0.13241616,0.05753814,True,Fully Accepted
CLM_1291,0.58851624,0.21168952,True,Partially Rejected
CLM_1292,0.18835253,0.07066125,True,Fully Accepted
CLM_1293,0.028999185,0.020068878,True,Fully Accepted
CLM_1294,0.19513912,0.1020631,True,Fully Accepted
CLM_1295,0.07622473,0.02948649,True,Fully Accepted
CLM_1296,0.49192142,0.49192142,True,Partially Rejected
CLM_1297,0.09787271,0.042060927,True,Fully Accepted
CLM_1298,0.05666411,0.034164667,True,Fully Accepted
CLM_1299,0.056598324,0.03156272,True,Fully Accepted
CLM_1300,0.016961243,0.010324299,True,Fully Accepted
CLM_1301,0.37016588,0.19268182,True,Partially Rejected
CLM_1302,0.0075089536,0.005272776,True,Fully Accepted
CLM_1303,0.029230565,0.026105026,True,Fully Accepted
CLM_1304,0.9951357,0.58723664,True,Partially Rejected
CLM_1305,0.010764574,0.010764574,True,Fully Accepted
CLM_1306,0.65819424,0.20949861,True,Partially Rejected
CLM_1307,0.99184424,0.22844538,True,Partially Rejected
CLM_1308,0.028224997,0.014569228,True,Fully Accepted
CLM_1309,0.29512048,0.100217186,True,Fully Accepted
CLM_1310,0.026927693,0.020601755,True,Fully Accepted
CLM_1311,0.027069787,0.014599505,True,Fully Accepted
CLM_1312,0.9812952,0.25905538,True,Partially Rejected
CLM_1313,0.011376008,0.008628514,True,Fully Accepted
CLM_1314,0.24874896,0.1598829,True,Fully Accepted
CLM_1315,0.02117446,0.009998099,True,Fully Accepted
CLM_1316,0.013891035,0.009308749,True,Fully Accepted
CLM_1317,0.046156958,0.033549927,True,Fully Accepted
CLM_1318,0.55549324,0.1924996,True,Partially Rejected
CLM_1319,0.10858269,0.07995595,True,Fully Accepted
CLM_1320,0.3255429,0.08691025,True,Partially Rejected
CLM_1321,0.0345506,0.01629171,True,Fully Accepted
CLM_1322,0.9853196,0.3380222,True,Partially Rejected
CLM_1323,0.40623727,0.19272768,True,Partially Rejected
CLM_1324,0.05859104,0.047635294,True,Fully Accepted
CLM_1325,0.3637776,0.14408852,True,Partially Rejected
CLM_1326,0.12809074,0.04315495,True,Fully Accepted
CLM_1327,0.019347118,0.019347118,True,Fully Accepted
CLM_1328,0.019697027,0.01923849,True,Fully Accepted
CLM_1329,0.08701563,0.06389279,True,Fully Accepted
CLM_1330,0.5319614,0.18596317,True,Partially Rejected
CLM_1331,0.31166235,0.07931887,True,Partially Rejected
CLM_1332,0.07883645,0.04268878,True,Fully Accepted
CLM_1333,0.9908409,0.2556868,True,Partially Rejected
CLM_1334,0.04225464,0.015879545,True,Fully Accepted
CLM_1335,0.9914023,0.34190091,True,Partially Rejected
CLM_1336,0.050291903,0.030827666,True,Fully Accepted
CLM_1337,0.44385645,0.11517297,True,Partially Rejected
CLM_1338,0.34814712,0.11049506,True,Partially Rejected
CLM_1339,0.57461506,0.3125159,True,Partially Rejected
CLM_1340,0.2944435,0.10704063,True,Fully Accepted
CLM_1341,0.48062193,0.13772158,True,Partially Rejected
CLM_1342,0.15804252,0.0445674,True,Fully Accepted
CLM_1343,0.007188515,0.007188515,True,Fully Accepted
CLM_1344,0.06282689,0.029021963,True,Fully Accepted
CLM_1345,0.05803541,0.019257724,True,Fully Accepted
CLM_1346,0.028016763,0.014838676,True,Fully Accepted
CLM_1347,0.19623606,0.07346151,True,Fully Accepted
CLM_1348,0.03522639,0.03522639,True,Fully Accepted
CLM_1349,0.04692159,0.027638717,True,Fully Accepted
CLM_1350,0.024891354,0.009464884,True,Fully Accepted
CLM_1351,0.040455174,0.040455174,True,Fully Accepted
CLM_1352,0.059559636,0.059559636,True,Fully Accepted
CLM_1353,0.042763695,0.031866204,True,Fully Accepted
CLM_1354,0.010168851,0.0063297884,True,Fully Accepted
CLM_1355,0.07803534,0.031739596,True,Fully Accepted
CLM_1356,0.04060852,0.029152045,True,Fully Accepted
CLM_1357,0.123126924,0.10557563,True,Fully Accepted
CLM_1358,0.10545373,0.059155386,True,Fully Accepted
CLM_1359,0.99139214,0.2799728,True,Partially Rejected
CLM_1360,0.622663,0.622663,True,Partially Rejected
CLM_1361,0.041637335,0.021460757,True,Fully Accepted
CLM_1362,0.12081066,0.045316517,True,Fully Accepted
CLM_1363,0.023657614,0.023657614,True,Fully Accepted
CLM_1364,0.63419557,0.21978702,True,Partially Rejected
CLM_1365,0.29878247,0.102755584,True,Fully Accepted
CLM_1366,0.3082461,0.08397481,True,Partially Rejected
CLM_1367,0.060224764,0.03712897,True,Fully Accepted
CLM_1368,0.20502631,0.060916062,True,Fully Accepted
CLM_1369,0.044019755,0.026669564,True,Fully Accepted
CLM_1370,0.049851675,0.031128481,True,Fully Accepted
CLM_1371,0.981845,0.25495547,True,Partially Rejected
CLM_1372,0.01917699,0.009657683,True,Fully Accepted
CLM_1373,0.44011438,0.11023256,True,Partially Rejected
CLM_1374,0.35770696,0.14192411,True,Partially Rejected
CLM_1375,0.0117445225,0.0117445225,True,Fully Accepted
CLM_1376,0.017122786,0.014048912,True,Fully Accepted
CLM_1377,0.16343465,0.06892698,True,Fully Accepted
CLM_1378,0.016433572,0.013142317,True,Fully Accepted
CLM_1379,0.13663049,0.081552245,True,Fully Accepted
CLM_1380,0.28626606,0.15050949,True,Fully Accepted
CLM_1381,0.99080735,0.40418687,True,Partially Rejected
CLM_1382,0.07251099,0.03498821,True,Fully Accepted
CLM_1383,0.47382814,0.1151038,True,Partially Rejected
CLM_1384,0.03968079,0.023292847,True,Fully Accepted
CLM_1385,0.06815408,0.040505566,True,Fully Accepted
CLM_1386,0.43574536,0.18845393,True,Partially Rejected
CLM_1387,0.010556758,0.009429292,True,Fully Accepted
CLM_1388,0.08922043,0.022447508,True,Fully Accepted
CLM_1389,0.2041544,0.115677424,True,Fully Accepted
CLM_1390,0.9909629,0.20566528,True,Partially Rejected
CLM_1391,0.45542586,0.45542586,True,Partially Rejected
CLM_1392,0.3980998,0.1726043,True,Partially Rejected
CLM_1393,0.99390525,0.17819123,True,Partially Rejected
CLM_1394,0.047331512,0.034245223,True,Fully Accepted
CLM_1395,0.0327368,0.023024952,True,Fully Accepted
CLM_1396,0.081755884,0.035432197,True,Fully Accepted
CLM_1397,0.98451704,0.37640095,True,Partially Rejected
CLM_1398,0.03316454,0.03316454,True,Fully Accepted
CLM_1399,0.12886615,0.06585285,True,Fully Accepted
CLM_1400,0.037559107,0.021024413,True,Fully Accepted
CLM_1401,0.069411114,0.032923512,True,Fully Accepted
CLM_1402,0.0051410035,0.0051410035,True,Fully Accepted
CLM_1403,0.028205816,0.018716335,True,Fully Accepted
CLM_1404,0.014428948,0.014428948,True,Fully Accepted
CLM_1405,0.055603527,0.020933399,True,Fully Accepted
CLM_1406,0.016769491,0.013466554,True,Fully Accepted
CLM_1407,0.015425291,0.00897984,True,Fully Accepted
CLM_1408,0.15727925,0.066460915,True,Fully Accepted
CLM_1409,0.07025657,0.044414815,True,Fully Accepted
CLM_1410,0.99380094,0.2583257,True,Partially Rejected
CLM_1411,0.041437197,0.023830729,True,Fully Accepted
CLM_1412,0.06886641,0.032331064,True,Fully Accepted
CLM_1413,0.22731853,0.0803904,True,Fully Accepted
CLM_1414,0.01338854,0.010405364,True,Fully Accepted
CLM_1415,0.0608201,0.029448247,True,Fully Accepted
CLM_1416,0.14444718,0.057832688,True,Fully Accepted
CLM_1417,0.15517394,0.093389966,True,Fully Accepted
CLM_1418,0.98393756,0.25405872,True,Partially Rejected
CLM_1419,0.4362985,0.2502476,True,Partially Rejected
CLM_1420,0.028161697,0.015657566,True,Fully Accepted
CLM_1421,0.023038162,0.010914151,True,Fully Accepted
CLM_1422,0.14644001,0.034066398,True,Fully Accepted
CLM_1423,0.38862726,0.14291488,True,Partially Rejected
CLM_1424,0.9955532,0.6748307,True,Partially Rejected
CLM_1425,0.24866635,0.09583702,True,Fully Accepted
CLM_1426,0.06674227,0.06674227,True,Fully Accepted
CLM_1427,0.15261656,0.08253364,True,Fully Accepted
CLM_1428,0.031579006,0.022093236,True,Fully Accepted
CLM_1429,0.14354968,0.06983666,True,Fully Accepted
CLM_1430,0.41973394,0.21764052,True,Partially Rejected
CLM_1431,0.2801938,0.08174318,True,Fully Accepted
CLM_1432,0.42234161,0.18809848,True,Partially Rejected
CLM_1433,0.037413366,0.015248342,True,Fully Accepted
CLM_1434,0.23379844,0.23379844,True,Fully Accepted
CLM_1435,0.006986218,0.006986218,True,Fully Accepted
CLM_1436,0.08676762,0.037606798,True,Fully Accepted
CLM_1437,0.015094206,0.015094206,True,Fully Accepted
CLM_1438,0.30845565,0.21319687,True,Partially Rejected
CLM_1439,0.048764475,0.019929018,True,Fully Accepted
CLM_1440,0.007845326,0.0053969165,True,Fully Accepted
CLM_1441,0.026670361,0.018502306,True,Fully Accepted
CLM_1442,0.45542586,0.23068936,True,Partially Rejected
CLM_1443,0.9910629,0.516776,True,Partially Rejected
CLM_1444,0.07315497,0.03964493,True,Fully Accepted
CLM_1445,0.06564645,0.056272354,True,Fully Accepted
CLM_1446,0.7984898,0.15387966,True,Partially Rejected
CLM_1447,0.20567027,0.07741068,True,Fully Accepted
CLM_1448,0.0393707,0.01961773,True,Fully Accepted
CLM_1449,0.4445386,0.10942974,True,Partially Rejected
CLM_1450,0.9774032,0.2760064,True,Partially Rejected
CLM_1451,0.15892118,0.037148613,True,Fully Accepted
CLM_1452,0.1337682,0.07084791,True,Fully Accepted
CLM_1453,0.0098695895,0.008281827,True,Fully Accepted
CLM_1454,0.049159847,0.024936656,True,Fully Accepted
CLM_1455,0.039482888,0.024417192,True,Fully Accepted
CLM_1456,0.12939356,0.05296859,True,Fully Accepted
CLM_1457,0.009922477,0.009922477,True,Fully Accepted
CLM_1458,0.042194396,0.020100689,True,Fully Accepted
CLM_1459,0.06856086,0.03131938,True,Fully Accepted
CLM_1460,0.035679873,0.016634073,True,Fully Accepted
CLM_1461,0.0198754,0.013188174,True,Fully Accepted
CLM_1462,0.014251261,0.014251261,True,Fully Accepted
CLM_1463,0.40996912,0.13273433,True,Partially Rejected
CLM_1464,0.039167963,0.039167963,True,Fully Accepted
CLM_1465,0.040302306,0.025858978,True,Fully Accepted
CLM_1466,0.6800554,0.13421683,True,Partially Rejected
CLM_1467,0.038604673,0.028337805,True,Fully Accepted
CLM_1468,0.014999206,0.014999206,True,Fully Accepted
CLM_1469,0.050584484,0.026060203,True,Fully Accepted
CLM_1470,0.088942565,0.04757287,True,Fully Accepted
CLM_1471,0.96980405,0.24651355,True,Partially Rejected
CLM_1472,0.01778009,0.01778009,True,Fully Accepted
CLM_1473,0.045069106,0.045069106,True,Fully Accepted
CLM_1474,0.025526114,0.017730389,True,Fully Accepted
CLM_1475,0.03899699,0.021554753,True,Fully Accepted
CLM_1476,0.050867926,0.028111286,True,Fully Accepted
CLM_1477,0.02343215,0.017440505,True,Fully Accepted
CLM_1478,0.2493042,0.12279298,True,Fully Accepted
CLM_1479,0.020308502,0.012024559,True,Fully Accepted
CLM_1480,0.028871963,0.01753345,True,Fully Accepted
CLM_1481,0.021030568,0.018559095,True,Fully Accepted
CLM_1482,0.05670915,0.02115268,True,Fully Accepted
CLM_1483,0.026108718,0.020904992,True,Fully Accepted
CLM_1484,0.22014154,0.05664112,True,Fully Accepted
CLM_1485,0.008441914,0.008441914,True,Fully Accepted
CLM_1486,0.009286982,0.008986757,True,Fully Accepted
CLM_1487,0.5981752,0.40354958,True,Partially Rejected
CLM_1488,0.19122666,0.058981504,True,Fully Accepted
CLM_1489,0.17275715,0.05986518,True,Fully Accepted
CLM_1490,0.9816514,0.22392675,True,Partially Rejected
CLM_1491,0.018866548,0.010023053,True,Fully Accepted
CLM_1492,0.018061558,0.014054775,True,Fully Accepted
CLM_1493,0.07218246,0.024554007,True,Fully Accepted
CLM_1494,0.14669794,0.063639775,True,Fully Accepted
CLM_1495,0.06338746,0.030389747,True,Fully Accepted
CLM_1496,0.017598798,0.017598798,True,Fully Accepted
CLM_1497,0.04801531,0.026322424,True,Fully Accepted
CLM_1498,0.034422655,0.023875305,True,Fully Accepted
CLM_1499,0.16478617,0.075587384,True,Fully Accepted
CLM_1500,0.049417015,0.03687807,True,Fully Accepted
CLM_1501,0.070916355,0.04694707,True,Fully Accepted
CLM_1502,0.9875109,0.52002704,True,Partially Rejected
CLM_1503,0.12995279,0.12995279,True,Fully Accepted
CLM_1504,0.046410147,0.035107434,True,Fully Accepted
CLM_1505,0.1130142,0.059575748,True,Fully Accepted
CLM_1506,0.03102583,0.01141821,True,Fully Accepted
CLM_1507,0.39133325,0.17262302,True,Partially Rejected
CLM_1508,0.021306599,0.021306599,True,Fully Accepted
CLM_1509,0.016499538,0.016499538,True,Fully Accepted
CLM_1510,0.09101933,0.04224375,True,Fully Accepted
CLM_1511,0.021818377,0.015309502,True,Fully Accepted
CLM_1512,0.35495275,0.13536288,True,Partially Rejected
CLM_1513,0.5388935,0.28128088,True,Partially Rejected
CLM_1514,0.013068675,0.008509244,True,Fully Accepted
CLM_1515,0.0709753,0.030084262,True,Fully Accepted
CLM_1516,0.2353391,0.1125734,True,Fully Accepted
CLM_1517,0.97748566,0.2023858,True,Partially Rejected
CLM_1518,0.05859104,0.033576418,True,Fully Accepted
CLM_1519,0.0074055055,0.0074055055,True,Fully Accepted
CLM_1520,0.2574977,0.09272699,True,Fully Accepted
CLM_1521,0.015349738,0.011279675,True,Fully Accepted
CLM_1522,0.2912422,0.08633469,True,Fully Accepted
CLM_1523,0.3958032,0.18518619,True,Partially Rejected
CLM_1524,0.2188397,0.11743315,True,Fully Accepted
CLM_1525,0.26744625,0.07163649,True,Fully Accepted
CLM_1526,0.25897872,0.25897872,True,Fully Accepted
CLM_1527,0.036970694,0.021305896,True,Fully Accepted
CLM_1528,0.22301024,0.10389718,True,Fully Accepted
CLM_1529,0.16688584,0.11973606,True,Fully Accepted
CLM_1530,0.3253405,0.14559072,True,Partially Rejected
CLM_1531,0.058032736,0.029464033,True,Fully Accepted
CLM_1532,0.03549872,0.021421405,True,Fully Accepted
CLM_1533,0.6229444,0.18680806,True,Partially Rejected
CLM_1534,0.9937139,0.2098811,True,Partially Rejected
CLM_1535,0.5098383,0.15743779,True,Partially Rejected
CLM_1536,0.0051410035,0.003768473,True,Fully Accepted
CLM_1537,0.0060551222,0.0056197452,True,Fully Accepted
CLM_1538,0.34558377,0.12413362,True,Partially Rejected
CLM_1539,0.97467774,0.26767716,True,Partially Rejected
CLM_1540,0.5817984,0.24195743,True,Partially Rejected
CLM_1541,0.9890382,0.25833613,True,Partially Rejected
CLM_1542,0.045043398,0.04277324,True,Fully Accepted
CLM_1543,0.03551049,0.012386084,True,Fully Accepted
CLM_1544,0.054754324,0.024772992,True,Fully Accepted
CLM_1545,0.98668844,0.20099932,True,Partially Rejected
CLM_1546,0.026941353,0.015097531,True,Fully Accepted
CLM_1547,0.03661419,0.01568161,True,Fully Accepted
CLM_1548,0.13747007,0.04115206,True,Fully Accepted
CLM_1549,0.01298477,0.0088863,True,Fully Accepted
CLM_1550,0.0138902655,0.0138902655,True,Fully Accepted
CLM_1551,0.055022754,0.024842435,True,Fully Accepted
CLM_1552,0.011619689,0.0071482286,True,Fully Accepted
CLM_1553,0.28786638,0.17808361,True,Fully Accepted
CLM_1554,0.98399115,0.21319655,True,Partially Rejected
CLM_1555,0.9841239,0.2168462,True,Partially Rejected
CLM_1556,0.16378637,0.039848242,True,Fully Accepted
CLM_1557,0.043459225,0.025563892,True,Fully Accepted
CLM_1558,0.021193342,0.014065803,True,Fully Accepted
CLM_1559,0.024448507,0.011809756,True,Fully Accepted
CLM_1560,0.024485182,0.024485182,True,Fully Accepted
CLM_1561,0.29068658,0.29068658,True,Fully Accepted
CLM_1562,0.026274076,0.011918587,True,Fully Accepted
CLM_1563,0.07629261,0.026151171,True,Fully Accepted
CLM_1564,0.21115647,0.12667543,True,Fully Accepted
CLM_1565,0.03957579,0.030771181,True,Fully Accepted
CLM_1566,0.25348753,0.07276443,True,Fully Accepted
CLM_1567,0.60772604,0.15142992,True,Partially Rejected
CLM_1568,0.21041562,0.07843526,True,Fully Accepted
CLM_1569,0.17020743,0.07298241,True,Fully Accepted
CLM_1570,0.0063152895,0.0063152895,True,Fully Accepted
CLM_1571,0.046979435,0.0165124,True,Fully Accepted
CLM_1572,0.09117566,0.031285144,True,Fully Accepted
CLM_1573,0.062155854,0.045267604,True,Fully Accepted
CLM_1574,0.044971377,0.020295361,True,Fully Accepted
CLM_1575,0.03894299,0.019467192,True,Fully Accepted
CLM_1576,0.98676157,0.2204694,True,Partially Rejected
CLM_1577,0.2224704,0.049618036,True,Fully Accepted
CLM_1578,0.061640743,0.061640743,True,Fully Accepted
CLM_1579,0.026356503,0.016729092,True,Fully Accepted
CLM_1580,0.01642556,0.01642556,True,Fully Accepted
CLM_1581,0.17365444,0.05022236,True,Fully Accepted
CLM_1582,0.043656357,0.019853354,True,Fully Accepted
CLM_1583,0.9868819,0.34970757,True,Partially Rejected
CLM_1584,0.06621581,0.062795036,True,Fully Accepted
CLM_1585,0.09673937,0.056143053,True,Fully Accepted
CLM_1586,0.98560774,0.32069737,True,Partially Rejected
CLM_1587,0.114551224,0.064475626,True,Fully Accepted
CLM_1588,0.51046246,0.12633346,True,Partially Rejected
CLM_1589,0.06773425,0.033809602,True,Fully Accepted
CLM_1590,0.1487166,0.046381734,True,Fully Accepted
CLM_1591,0.7984898,0.40389746,True,Partially Rejected
CLM_1592,0.053302374,0.021624923,True,Fully Accepted
CLM_1593,0.1367295,0.1367295,True,Fully Accepted
CLM_1594,0.02284822,0.020335002,True,Fully Accepted
CLM_1595,0.07777094,0.039803427,True,Fully Accepted
CLM_1596,0.023597201,0.022089755,True,Fully Accepted
CLM_1597,0.034726273,0.014870187,True,Fully Accepted
CLM_1598,0.07235091,0.03723001,True,Fully Accepted
CLM_1599,0.9937245,0.38971087,True,Partially Rejected
CLM_1600,0.17088471,0.039640818,True,Fully Accepted
CLM_1601,0.08970755,0.043575004,True,Fully Accepted
CLM_1602,0.120031446,0.120031446,True,Fully Accepted
CLM_1603,0.46289882,0.20824373,True,Partially Rejected
CLM_1604,0.031590637,0.025184648,True,Fully Accepted
CLM_1605,0.005656034,0.0047349166,True,Fully Accepted
CLM_1606,0.085629374,0.04008474,True,Fully Accepted
CLM_1607,0.052372724,0.022943612,True,Fully Accepted
CLM_1608,0.47247645,0.106659904,True,Partially Rejected
CLM_1609,0.14125393,0.058316074,True,Fully Accepted
CLM_1610,0.0062377765,0.0055449293,True,Fully Accepted
CLM_1611,0.07135449,0.03401675,True,Fully Accepted
CLM_1612,0.25159562,0.08049439,True,Fully Accepted
CLM_1613,0.18726946,0.056106683,True,Fully Accepted
CLM_1614,0.46066904,0.12054129,True,Partially Rejected
CLM_1615,0.21077973,0.08265864,True,Fully Accepted
CLM_1616,0.013468756,0.0081566535,True,Fully Accepted
CLM_1617,0.044120103,0.022852568,True,Fully Accepted
CLM_1618,0.03761351,0.020496594,True,Fully Accepted
CLM_1619,0.02444613,0.015682353,True,Fully Accepted
CLM_1620,0.0573864,0.031170199,True,Fully Accepted
CLM_1621,0.14572962,0.06520928,True,Fully Accepted
CLM_1622,0.01776167,0.009800535,True,Fully Accepted
CLM_1623,0.03238552,0.020619124,True,Fully Accepted
CLM_1624,0.08920328,0.053305477,True,Fully Accepted
CLM_1625,0.074498825,0.027952673,True,Fully Accepted
CLM_1626,0.0818221,0.0347136,True,Fully Accepted
CLM_1627,0.0067763235,0.006426135,True,Fully Accepted
CLM_1628,0.008938812,0.008938812,True,Fully Accepted
CLM_1629,0.02207694,0.02207694,True,Fully Accepted
CLM_1630,0.03697792,0.03354891,True,Fully Accepted
CLM_1631,0.027820813,0.020644784,True,Fully Accepted
CLM_1632,0.052345715,0.02401833,True,Fully Accepted
CLM_1633,0.057474732,0.04714288,True,Fully Accepted
CLM_1634,0.45824245,0.13011755,True,Partially Rejected
CLM_1635,0.1454098,0.059755523,True,Fully Accepted
CLM_1636,0.021503365,0.0072966954,True,Fully Accepted
CLM_1637,0.08728094,0.043219622,True,Fully Accepted
CLM_1638,0.022784011,0.010977382,True,Fully Accepted
CLM_1639,0.14452057,0.083205,True,Fully Accepted
CLM_1640,0.03205671,0.012584093,True,Fully Accepted
CLM_1641,0.24622561,0.06962342,True,Fully Accepted
CLM_1642,0.028350482,0.016530951,True,Fully Accepted
CLM_1643,0.045185424,0.045185424,True,Fully Accepted
CLM_1644,0.31557298,0.113442965,True,Partially Rejected
CLM_1645,0.022111826,0.017991923,True,Fully Accepted
CLM_1646,0.37000307,0.08817556,True,Partially Rejected
CLM_1647,0.0662531,0.022514485,True,Fully Accepted
CLM_1648,0.022852436,0.013190106,True,Fully Accepted
CLM_1649,0.47666815,0.1327771,True,Partially Rejected
CLM_1650,0.16599976,0.07544129,True,Fully Accepted
CLM_1651,0.9963658,0.3834403,True,Partially Rejected
CLM_1652,0.116881944,0.036353778,True,Fully Accepted
CLM_1653,0.082098775,0.035746705,True,Fully Accepted
CLM_1654,0.03039736,0.009844599,True,Fully Accepted
CLM_1655,0.023048423,0.010387962,True,Fully Accepted
CLM_1656,0.039954677,0.025757479,True,Fully Accepted
CLM_1657,0.04075025,0.027260048,True,Fully Accepted
CLM_1658,0.0055268556,0.0054826573,True,Fully Accepted
CLM_1659,0.04910688,0.027256092,True,Fully Accepted
CLM_1660,0.010685235,0.010685235,True,Fully Accepted
CLM_1661,0.04113847,0.023003507,True,Fully Accepted
CLM_1662,0.05230968,0.033565667,True,Fully Accepted
CLM_1663,0.020823892,0.018087413,True,Fully Accepted
CLM_1664,0.0683618,0.037569486,True,Fully Accepted
CLM_1665,0.030923316,0.02630086,True,Fully Accepted
CLM_1666,0.057085074,0.030797983,True,Fully Accepted
CLM_1667,0.9908414,0.50152034,True,Partially Rejected
CLM_1668,0.072436534,0.023391178,True,Fully Accepted
CLM_1669,0.17630489,0.17630489,True,Fully Accepted
CLM_1670,0.07713148,0.040411957,True,Fully Accepted
CLM_1671,0.9940089,0.32773384,True,Partially Rejected
CLM_1672,0.012372313,0.012372313,True,Fully Accepted
CLM_1673,0.03786637,0.022078037,True,Fully Accepted
CLM_1674,0.347891,0.08911298,True,Partially Rejected
CLM_1675,0.037946753,0.015653107,True,Fully Accepted
CLM_1676,0.032562282,0.019089632,True,Fully Accepted
CLM_1677,0.008920712,0.0078745335,True,Fully Accepted
CLM_1678,0.2534531,0.13501538,True,Fully Accepted
CLM_1679,0.043931436,0.021286815,True,Fully Accepted
CLM_1680,0.10146143,0.04295805,True,Fully Accepted
CLM_1681,0.23272996,0.23272996,True,Fully Accepted
CLM_1682,0.06469247,0.06469247,True,Fully Accepted
CLM_1683,0.065573,0.020137105,True,Fully Accepted
CLM_1684,0.036986012,0.018639047,True,Fully Accepted
CLM_1685,0.118951954,0.05565078,True,Fully Accepted
CLM_1686,0.9882867,0.30091602,True,Partially Rejected
CLM_1687,0.18771537,0.07267626,True,Fully Accepted
CLM_1688,0.012719732,0.012719732,True,Fully Accepted
CLM_1689,0.0051914416,0.0051914416,True,Fully Accepted
CLM_1690,0.018785292,0.012234658,True,Fully Accepted
CLM_1691,0.02371242,0.020219265,True,Fully Accepted
CLM_1692,0.18874937,0.052582618,True,Fully Accepted
CLM_1693,0.035201848,0.031949494,True,Fully Accepted
CLM_1694,0.98887247,0.3770384,True,Partially Rejected
CLM_1695,0.023676027,0.012907792,True,Fully Accepted
CLM_1696,0.9923838,0.31241268,True,Partially Rejected
CLM_1697,0.7936292,0.46460858,True,Partially Rejected
CLM_1698,0.06647562,0.045828555,True,Fully Accepted
CLM_1699,0.020565558,0.018380115,True,Fully Accepted
CLM_1700,0.9932908,0.3095639,True,Partially Rejected
CLM_1701,0.11813912,0.05713021,True,Fully Accepted
CLM_1702,0.038616437,0.019682592,True,Fully Accepted
CLM_1703,0.05215543,0.033232197,True,Fully Accepted
CLM_1704,0.019001747,0.018488443,True,Fully Accepted
CLM_1705,0.499347,0.11904623,True,Partially Rejected
CLM_1706,0.04556576,0.027806928,True,Fully Accepted
CLM_1707,0.3941458,0.11394006,True,Partially Rejected
CLM_1708,0.41973394,0.41973394,True,Partially Rejected
CLM_1709,0.9865935,0.42012963,True,Partially Rejected
CLM_1710,0.012462634,0.005952251,True,Fully Accepted
CLM_1711,0.07986544,0.037397005,True,Fully Accepted
CLM_1712,0.22921355,0.07467635,True,Fully Accepted
CLM_1713,0.387962,0.11784229,True,Partially Rejected
CLM_1714,0.034789,0.019469505,True,Fully Accepted
CLM_1715,0.017531103,0.013711131,True,Fully Accepted
CLM_1716,0.0740197,0.03570433,True,Fully Accepted
CLM_1717,0.008334048,0.008334048,True,Fully Accepted
CLM_1718,0.051780783,0.030276686,True,Fully Accepted
CLM_1719,0.008786992,0.006899921,True,Fully Accepted
CLM_1720,0.0060459543,0.0060459543,True,Fully Accepted
CLM_1721,0.2242362,0.058940846,True,Fully Accepted
CLM_1722,0.9963064,0.41710627,True,Partially Rejected
CLM_1723,0.04660561,0.023123533,True,Fully Accepted
CLM_1724,0.13370404,0.07992986,True,Fully Accepted
CLM_1725,0.035398986,0.024859019,True,Fully Accepted
CLM_1726,0.029367773,0.01782133,True,Fully Accepted
CLM_1727,0.09169626,0.05349381,True,Fully Accepted
CLM_1728,0.08110681,0.034689255,True,Fully Accepted
CLM_1729,0.0053227576,0.0053227576,True,Fully Accepted
CLM_1730,0.13816825,0.07390546,True,Fully Accepted
CLM_1731,0.28470865,0.08228545,True,Fully Accepted
CLM_1732,0.031157752,0.01594338,True,Fully Accepted
CLM_1733,0.077652454,0.03553567,True,Fully Accepted
CLM_1734,0.12593338,0.041315302,True,Fully Accepted
CLM_1735,0.22092348,0.064250685,True,Fully Accepted
CLM_1736,0.29095057,0.10775748,True,Fully Accepted
CLM_1737,0.6229941,0.19870001,True,Partially Rejected
CLM_1738,0.044580065,0.026750168,True,Fully Accepted
CLM_1739,0.024156312,0.020099338,True,Fully Accepted
CLM_1740,0.23518266,0.047540873,True,Fully Accepted
CLM_1741,0.0017899898,0.0017899898,True,Fully Accepted
CLM_1742,0.99009925,0.26785716,True,Partially Rejected
CLM_1743,0.9859365,0.21227047,True,Partially Rejected
CLM_1744,0.26688653,0.18946129,True,Fully Accepted
CLM_1745,0.78360236,0.40437147,True,Partially Rejected
CLM_1746,0.004503822,0.004503822,True,Fully Accepted
CLM_1747,0.9880328,0.22284389,True,Partially Rejected
CLM_1748,0.1149254,0.09861851,True,Fully Accepted
CLM_1749,0.029296687,0.023717942,True,Fully Accepted
CLM_1750,0.031640537,0.02436392,True,Fully Accepted
CLM_1751,0.033347465,0.029329497,True,Fully Accepted
CLM_1752,0.15798792,0.08116349,True,Fully Accepted
CLM_1753,0.062030047,0.024770861,True,Fully Accepted
CLM_1754,0.032515544,0.021226661,True,Fully Accepted
CLM_1755,0.08559693,0.058947712,True,Fully Accepted
CLM_1756,0.309366,0.1808317,True,Partially Rejected
CLM_1757,0.06327337,0.06186817,True,Fully Accepted
CLM_1758,0.0130146155,0.0123229055,True,Fully Accepted
CLM_1759,0.12174434,0.061797187,True,Fully Accepted
CLM_1760,0.3199431,0.12879406,True,Partially Rejected
CLM_1761,0.08997493,0.06212442,True,Fully Accepted
CLM_1762,0.059721336,0.031268053,True,Fully Accepted
CLM_1763,0.99419254,0.684644,True,Partially Rejected
CLM_1764,0.018413283,0.009325939,True,Fully Accepted
CLM_1765,0.020445637,0.014667011,True,Fully Accepted
CLM_1766,0.032017954,0.025455093,True,Fully Accepted
CLM_1767,0.24330337,0.05745975,True,Fully Accepted
CLM_1768,0.5430666,0.21251683,True,Partially Rejected
CLM_1769,0.99012274,0.24237116,True,Partially Rejected
CLM_1770,0.02101083,0.01663374,True,Fully Accepted
CLM_1771,0.022785308,0.013970833,True,Fully Accepted
CLM_1772,0.04240553,0.0357674,True,Fully Accepted
CLM_1773,0.061082363,0.036461577,True,Fully Accepted
CLM_1774,0.009830222,0.009350998,True,Fully Accepted
CLM_1775,0.16874735,0.04940187,True,Fully Accepted
CLM_1776,0.011207701,0.0059598438,True,Fully Accepted
CLM_1777,0.047657445,0.028903347,True,Fully Accepted
CLM_1778,0.018015523,0.013239678,True,Fully Accepted
CLM_1779,0.039898746,0.033185054,True,Fully Accepted
CLM_1780,0.3024737,0.1565633,True,Partially Rejected
CLM_1781,0.11199836,0.055627346,True,Fully Accepted
CLM_1782,0.016810084,0.013162893,True,Fully Accepted
CLM_1783,0.056492943,0.056492943,True,Fully Accepted
CLM_1784,0.010015363,0.010015363,True,Fully Accepted
CLM_1785,0.041678384,0.027691806,True,Fully Accepted
CLM_1786,0.98230827,0.26138124,True,Partially Rejected
CLM_1787,0.6607158,0.31960672,True,Partially Rejected
CLM_1788,0.033616263,0.02354251,True,Fully Accepted
CLM_1789,0.31198916,0.110158384,True,Partially Rejected
CLM_1790,0.13998218,0.064573474,True,Fully Accepted
CLM_1791,0.2726067,0.112258635,True,Fully Accepted
CLM_1792,0.06890623,0.041372973,True,Fully Accepted
CLM_1793,0.23393753,0.08248762,True,Fully Accepted
CLM_1794,0.0069089136,0.0063634543,True,Fully Accepted
CLM_1795,0.020901026,0.010909676,True,Fully Accepted
CLM_1796,0.055193108,0.025074853,True,Fully Accepted
CLM_1797,0.5021141,0.17508547,True,Partially Rejected
CLM_1798,0.83644533,0.21595716,True,Partially Rejected
CLM_1799,0.34204432,0.137678,True,Partially Rejected
CLM_1800,0.028233126,0.020083163,True,Fully Accepted
CLM_1801,0.12597546,0.042094994,True,Fully Accepted
CLM_1802,0.033045042,0.0153977135,True,Fully Accepted
CLM_1803,0.08400331,0.039812338,True,Fully Accepted
CLM_1804,0.03467603,0.023714202,True,Fully Accepted
CLM_1805,0.27238205,0.077324435,True,Fully Accepted
CLM_1806,0.033643458,0.016659409,True,Fully Accepted
CLM_1807,0.028427,0.023533883,True,Fully Accepted
CLM_1808,0.05480704,0.022223867,True,Fully Accepted
CLM_1809,0.029146176,0.014365471,True,Fully Accepted
CLM_1810,0.089694746,0.03073344,True,Fully Accepted
CLM_1811,0.13542861,0.04276336,True,Fully Accepted
CLM_1812,0.047531907,0.02915424,True,Fully Accepted
CLM_1813,0.48128545,0.13513695,True,Partially Rejected
CLM_1814,0.9801281,0.25035968,True,Partially Rejected
CLM_1815,0.5227115,0.21199186,True,Partially Rejected
CLM_1816,0.09522205,0.037883352,True,Fully Accepted
CLM_1817,0.18523887,0.06549642,True,Fully Accepted
CLM_1818,0.0607448,0.03741946,True,Fully Accepted
CLM_1819,0.021302195,0.0072585815,True,Fully Accepted
CLM_1820,0.447712,0.15379891,True,Partially Rejected
CLM_1821,0.075429976,0.04409091,True,Fully Accepted
CLM_1822,0.0799466,0.032589514,True,Fully Accepted
CLM_1823,0.17127743,0.0983917,True,Fully Accepted
CLM_1824,0.14923318,0.10027639,True,Fully Accepted
CLM_1825,0.16372718,0.08628613,True,Fully Accepted
CLM_1826,0.52946806,0.40142727,True,Partially Rejected
CLM_1827,0.0649248,0.045142286,True,Fully Accepted
CLM_1828,0.71812814,0.16996956,True,Partially Rejected
CLM_1829,0.99305,0.17954762,True,Partially Rejected
CLM_1830,0.13628256,0.04993297,True,Fully Accepted
CLM_1831,0.9873602,0.4734154,True,Partially Rejected
CLM_1832,0.06756974,0.038920607,True,Fully Accepted
CLM_1833,0.06954381,0.038425058,True,Fully Accepted
CLM_1834,0.16956662,0.07606625,True,Fully Accepted
CLM_1835,0.10928256,0.03987799,True,Fully Accepted
CLM_1836,0.98720247,0.2652273,True,Partially Rejected
CLM_1837,0.057366904,0.025425887,True,Fully Accepted
CLM_1838,0.37235972,0.14566034,True,Partially Rejected
CLM_1839,0.021035299,0.0103740785,True,Fully Accepted
CLM_1840,0.03280215,0.019981764,True,Fully Accepted
CLM_1841,0.62669504,0.33942646,True,Partially Rejected
CLM_1842,0.013210633,0.013210633,True,Fully Accepted
CLM_1843,0.28431514,0.076828614,True,Fully Accepted
CLM_1844,0.047780924,0.021070283,True,Fully Accepted
CLM_1845,0.035834126,0.018726844,True,Fully Accepted
CLM_1846,0.024573527,0.01221643,True,Fully Accepted
CLM_1847,0.9879352,0.27800766,True,Partially Rejected
CLM_1848,0.99122614,0.2177222,True,Partially Rejected
CLM_1849,0.022518896,0.01607382,True,Fully Accepted
CLM_1850,0.9882895,0.21470222,True,Partially Rejected
CLM_1851,0.12277125,0.030849034,True,Fully Accepted
CLM_1852,0.071688175,0.032799568,True,Fully Accepted
CLM_1853,0.52540296,0.27402225,True,Partially Rejected
CLM_1854,0.33756956,0.09829678,True,Partially Rejected
CLM_1855,0.06397464,0.028911779,True,Fully Accepted
CLM_1856,0.0567631,0.024019903,True,Fully Accepted
CLM_1857,0.027672065,0.027672065,True,Fully Accepted
CLM_1858,0.008953161,0.007558832,True,Fully Accepted
CLM_1859,0.019994726,0.010371624,True,Fully Accepted
CLM_1860,0.245881,0.113989815,True,Fully Accepted
CLM_1861,0.037643176,0.028563058,True,Fully Accepted
CLM_1862,0.008925427,0.0050110286,True,Fully Accepted
CLM_1863,0.018644594,0.013566418,True,Fully Accepted
CLM_1864,0.048512287,0.028454956,True,Fully Accepted
CLM_1865,0.032070726,0.015418941,True,Fully Accepted
CLM_1866,0.19784091,0.069044724,True,Fully Accepted
CLM_1867,0.0115717,0.008015022,True,Fully Accepted
CLM_1868,0.029512495,0.029512495,True,Fully Accepted
CLM_1869,0.9836373,0.2637966,True,Partially Rejected
CLM_1870,0.982311,0.27843568,True,Partially Rejected
CLM_1871,0.20025311,0.07837234,True,Fully Accepted
CLM_1872,0.0512865,0.023870284,True,Fully Accepted
CLM_1873,0.2771659,0.11116404,True,Fully Accepted
CLM_1874,0.33962867,0.06957095,True,Partially Rejected
CLM_1875,0.3337239,0.09116872,True,Partially Rejected
CLM_1876,0.12936391,0.12936391,True,Fully Accepted
CLM_1877,0.12794843,0.040134214,True,Fully Accepted
CLM_1878,0.017443115,0.011149092,True,Fully Accepted
CLM_1879,0.036993705,0.023916123,True,Fully Accepted
CLM_1880,0.011738071,0.011738071,True,Fully Accepted
CLM_1881,0.15738118,0.08538184,True,Fully Accepted
CLM_1882,0.9910909,0.24419537,True,Partially Rejected
CLM_1883,0.09648521,0.061920866,True,Fully Accepted
CLM_1884,0.26093686,0.1351226,True,Fully Accepted
CLM_1885,0.005923795,0.005923795,True,Fully Accepted
CLM_1886,0.119538285,0.047899853,True,Fully Accepted
CLM_1887,0.050902613,0.030199094,True,Fully Accepted
CLM_1888,0.0771725,0.03680314,True,Fully Accepted
CLM_1889,0.05134653,0.028793065,True,Fully Accepted
CLM_1890,0.056279615,0.03718634,True,Fully Accepted
CLM_1891,0.05477343,0.026998669,True,Fully Accepted
CLM_1892,0.048394207,0.025307052,True,Fully Accepted
CLM_1893,0.6130688,0.14252023,True,Partially Rejected
CLM_1894,0.0034021372,0.0034021372,True,Fully Accepted
CLM_1895,0.053874712,0.041877385,True,Fully Accepted
CLM_1896,0.4169097,0.22542064,True,Partially Rejected
CLM_1897,0.10407059,0.054063078,True,Fully Accepted
CLM_1898,0.33411092,0.308968,True,Partially Rejected
CLM_1899,0.045893315,0.028519362,True,Fully Accepted
CLM_1900,0.033135593,0.021069264,True,Fully Accepted
CLM_1901,0.61594385,0.33519724,True,Partially Rejected
CLM_1902,0.14857997,0.09517488,True,Fully Accepted
CLM_1903,0.017571745,0.011250369,True,Fully Accepted
CLM_1904,0.34085155,0.102149785,True,Partially Rejected
CLM_1905,0.025226278,0.010844224,True,Fully Accepted
CLM_1906,0.14970654,0.062468514,True,Fully Accepted
CLM_1907,0.06087005,0.019000696,True,Fully Accepted
CLM_1908,0.44361398,0.3889236,True,Partially Rejected
CLM_1909,0.018456511,0.010846678,True,Fully Accepted
CLM_1910,0.05320861,0.05320861,True,Fully Accepted
CLM_1911,0.13974924,0.0568663,True,Fully Accepted
CLM_1912,0.03697792,0.03697792,True,Fully Accepted
CLM_1913,0.033987273,0.02222157,True,Fully Accepted
CLM_1914,0.050310124,0.024775501,True,Fully Accepted
CLM_1915,0.070916355,0.017749691,True,Fully Accepted
CLM_1916,0.02486065,0.017955076,True,Fully Accepted
CLM_1917,0.046161238,0.021511912,True,Fully Accepted
CLM_1918,0.08388104,0.044948254,True,Fully Accepted
CLM_1919,0.044459544,0.025097227,True,Fully Accepted
CLM_1920,0.028318156,0.02093393,True,Fully Accepted
CLM_1921,0.013597504,0.013597504,True,Fully Accepted
CLM_1922,0.14092256,0.050615784,True,Fully Accepted
CLM_1923,0.0072645107,0.0069533642,True,Fully Accepted
CLM_1924,0.6063399,0.17250402,True,Partially Rejected
CLM_1925,0.014038782,0.014038782,True,Fully Accepted
CLM_1926,0.035098534,0.01839959,True,Fully Accepted
CLM_1927,0.06412598,0.035687678,True,Fully Accepted
CLM_1928,0.06716337,0.027160808,True,Fully Accepted
CLM_1929,0.1965124,0.05679762,True,Fully Accepted
CLM_1930,0.045293327,0.023791017,True,Fully Accepted
CLM_1931,0.5507258,0.19761617,True,Partially Rejected
CLM_1932,0.06286098,0.031517502,True,Fully Accepted
CLM_1933,0.17630489,0.05301428,True,Fully Accepted
CLM_1934,0.016677914,0.009876555,True,Fully Accepted
CLM_1935,0.031401973,0.014639739,True,Fully Accepted
CLM_1936,0.026186256,0.014564632,True,Fully Accepted
CLM_1937,0.15101133,0.09151093,True,Fully Accepted
CLM_1938,0.067425184,0.03576691,True,Fully Accepted
CLM_1939,0.056575067,0.03272027,True,Fully Accepted
CLM_1940,0.06928326,0.02276815,True,Fully Accepted
CLM_1941,0.528323,0.16867359,True,Partially Rejected
CLM_1942,0.98582315,0.24112241,True,Partially Rejected
CLM_1943,0.25514913,0.08705672,True,Fully Accepted
CLM_1944,0.21775955,0.06541002,True,Fully Accepted
CLM_1945,0.98484206,0.18976213,True,Partially Rejected
CLM_1946,0.031605992,0.031605992,True,Fully Accepted
CLM_1947,0.29876727,0.08566106,True,Fully Accepted
CLM_1948,0.019267472,0.008685698,True,Fully Accepted
CLM_1949,0.017385583,0.017385583,True,Fully Accepted
CLM_1950,0.064545155,0.047194127,True,Fully Accepted
CLM_1951,0.08669161,0.041383628,True,Fully Accepted
CLM_1952,0.008873862,0.007952519,True,Fully Accepted
CLM_1953,0.9761928,0.25363746,True,Partially Rejected
CLM_1954,0.032612707,0.013388455,True,Fully Accepted
CLM_1955,0.0496209,0.035178043,True,Fully Accepted
CLM_1956,0.05120604,0.031298235,True,Fully Accepted
CLM_1957,0.050244957,0.032928187,True,Fully Accepted
CLM_1958,0.08052264,0.028833663,True,Fully Accepted
CLM_1959,0.012017605,0.008042715,True,Fully Accepted
CLM_1960,0.023767684,0.012431471,True,Fully Accepted
CLM_1961,0.022921499,0.022921499,True,Fully Accepted
CLM_1962,0.026174858,0.012964434,True,Fully Accepted
CLM_1963,0.051608462,0.028235475,True,Fully Accepted
CLM_1964,0.24712078,0.08635414,True,Fully Accepted
CLM_1965,0.48288518,0.48288518,True,Partially Rejected
CLM_1966,0.2574977,0.14606337,True,Fully Accepted
CLM_1967,0.9897556,0.33734918,True,Partially Rejected
CLM_1968,0.020674927,0.010780116,True,Fully Accepted
CLM_1969,0.24191406,0.2022992,True,Fully Accepted
CLM_1970,0.02080553,0.015228684,True,Fully Accepted
CLM_1971,0.40958315,0.15472353,True,Partially Rejected
CLM_1972,0.07865872,0.038307644,True,Fully Accepted
CLM_1973,0.11326044,0.11326044,True,Fully Accepted
CLM_1974,0.022229567,0.015290935,True,Fully Accepted
CLM_1975,0.98498213,0.30269647,True,Partially Rejected
CLM_1976,0.30882826,0.122414194,True,Partially Rejected
CLM_1977,0.99433655,0.2549603,True,Partially Rejected
CLM_1978,0.3541462,0.3541462,True,Partially Rejected
CLM_1979,0.0257729,0.017610356,True,Fully Accepted
CLM_1980,0.98933196,0.34984207,True,Partially Rejected
CLM_1981,0.038676377,0.023056552,True,Fully Accepted
CLM_1982,0.05560498,0.025897037,True,Fully Accepted
CLM_1983,0.23793317,0.0632774,True,Fully Accepted
CLM_1984,0.055983555,0.027558802,True,Fully Accepted
CLM_1985,0.020309068,0.020309068,True,Fully Accepted
CLM_1986,0.028430298,0.019561034,True,Fully Accepted
CLM_1987,0.22405425,0.10460093,True,Fully Accepted
CLM_1988,0.227423,0.119799025,True,Fully Accepted
CLM_1989,0.08854173,0.041512676,True,Fully Accepted
CLM_1990,0.008137907,0.0062178504,True,Fully Accepted
CLM_1991,0.041590992,0.030772332,True,Fully Accepted
CLM_1992,0.46227467,0.23556139,True,Partially Rejected
CLM_1993,0.10504642,0.044399824,True,Fully Accepted
CLM_1994,0.013673064,0.00854577,True,Fully Accepted
CLM_1995,0.47182274,0.13553773,True,Partially Rejected
CLM_1996,0.026928566,0.0138616655,True,Fully Accepted
CLM_1997,0.065433845,0.0502571,True,Fully Accepted
CLM_1998,0.030027365,0.030027365,True,Fully Accepted
CLM_1999,0.028465532,0.017820787,True,Fully Accepted
